{"cameraMode":{"drawMode":0,"name":"Shaded","section":"Shading Mode"},"sceneLighting":true,"audioPlay":false,"sceneViewState":{"m_AlwaysRefresh":false,"showFog":true,"showSkybox":true,"showFlares":true,"showImageEffects":true,"showParticleSystems":true,"showVisualEffectGraphs":true,"m_FxEnabled":true},"in2DMode":false,"pivot":{"x":399.7181091308594,"y":41.40134048461914,"z":0.10015869140625},"rotation":{"x":-0.004809555131942034,"y":-0.002402234822511673,"z":0.000012485221304814331,"w":-0.9999902844429016},"size":274.4043884277344,"orthographic":false}